Person,SongID
Adrian,6
Adrian,7
Adrian,8
Adrian,12
Adrian,14
Adrian,30
Adrian,17
Alex,4
Alex,9
Alex,24
Alex,29
Alex,30
Anna,4
Anna,7
Anna,9
Anna,15
Anna,20
Anna,27
Anna,30
Anna,32
Ariel,1
Ariel,4
Ariel,11
Ariel,24
Ariel,25
Ariel,35
Brianna,4
Brianna,11
Brianna,24
Brianna,29
Brianna,35
Casey,5
Casey,8
Casey,22
Casey,26
Casey,33
Chris,16
Chris,34
Chris,15
Chris,17
Chris,23
Emily,13
Emily,22
Emily,26
Emily,32
Emily,33
Gabriel,4
Gabriel,9
Gabriel,14
Gabriel,24
Gabriel,27
Gabriel,30
Gabriel,33
Gabriel,36
Isaac,2
Isaac,6
Isaac,18
Isaac,24
Isaac,30
Jacob,7
Jacob,8
Jacob,9
Jacob,25
Jen,1
Jen,28
Jen,25
Jessica,3
Jessica,7
Jessica,10
Jessica,15
Jessica,19
Jessica,21
Jessica,35
John,0
John,3
John,21
John,25
John,35
John,23
Max,5
Max,13
Max,20
Max,26
Max,32
Riley,0
Riley,3
Riley,10
Riley,18
Riley,19
Ryan,2
Ryan,8
Ryan,10
Ryan,12
Ryan,14
Ryan,18
Ryan,36
Susan,31
Susan,24
Susan,9
Susan,16